{
  "model_type": "risky_upgrade",
  "default_threshold": 1.1641082763671875,
  "default_region_percentage": 5.0,
  "bellman_evaluation_batch_size": 200,
  "final_epoch": 160,
  "final_metrics": {
    "mae": 0.803206205368042,
    "mape_non_default": 6.213752746582031,
    "f1_score": 0.8855685131195336,
    "bellman_residual": 0.4862534701824188
  },
  "best_metrics": {
    "mae": {
      "value": 0.5865928530693054,
      "epoch": 80
    },
    "mape_non_default": {
      "value": 3.4670114517211914,
      "epoch": 90
    },
    "f1_score": {
      "value": 0.9666832421680756,
      "epoch": 90
    },
    "bellman_residual": {
      "value": 0.4862534701824188,
      "epoch": 160
    }
  },
  "epochs": [
    0,
    10,
    20,
    30,
    40,
    50,
    60,
    70,
    80,
    90,
    100,
    110,
    120,
    130,
    140,
    150,
    160
  ],
  "maes": [
    21.25432014465332,
    13.12078857421875,
    6.783587455749512,
    3.5323989391326904,
    1.9201456308364868,
    1.0070149898529053,
    0.8218250274658203,
    0.6832295060157776,
    0.5865928530693054,
    0.6706533432006836,
    1.3502113819122314,
    1.275146245956421,
    1.1499943733215332,
    0.9482299089431763,
    1.267009973526001,
    1.386914849281311,
    0.803206205368042
  ],
  "mapes_non_default": [
    85.41021728515625,
    62.61097717285156,
    36.69145584106445,
    20.964040756225586,
    11.753744125366211,
    7.512161731719971,
    5.920530796051025,
    4.513367652893066,
    4.468544960021973,
    3.4670114517211914,
    9.529217720031738,
    8.55845832824707,
    7.942276477813721,
    7.410107612609863,
    8.03807544708252,
    9.070677757263184,
    6.213752746582031
  ],
  "f1_scores": [
    0.16117264707833126,
    0.2842936531149459,
    0.4971358428805237,
    0.7011469378922311,
    0.8288564850345357,
    0.8750450126035291,
    0.905112207840581,
    0.9395843402609957,
    0.9222886421861656,
    0.9666832421680756,
    0.8401763333045208,
    0.8642304614563884,
    0.8660785886126704,
    0.8603292618162507,
    0.8786837823178448,
    0.8579751081295789,
    0.8855685131195336
  ],
  "bellman_residuals": [
    8.788564682006836,
    2.720959424972534,
    2.7847671508789062,
    1.037599802017212,
    1.058682918548584,
    0.4950881898403168,
    0.6739115715026855,
    0.5728170871734619,
    0.522888720035553,
    1.2362452745437622,
    0.531154215335846,
    0.5853479504585266,
    0.5780990123748779,
    0.49751707911491394,
    1.2847596406936646,
    0.5948554277420044,
    0.4862534701824188
  ]
}