{
  "param_labels": [
    "\u03c1",
    "\u03c3",
    "\u03c8\u2080"
  ],
  "true_values": [
    0.6,
    0.175,
    1.005
  ],
  "gmm_median_theta": [
    0.6023217045366771,
    0.16893587244228706,
    1.8773377577781594
  ],
  "smm_median_theta": [
    0.6014652735144095,
    0.17418514631257584,
    0.9385634222005157
  ],
  "gmm_bias_pct": [
    0.38695075611285457,
    -3.465215747264534,
    86.79977689334922
  ],
  "smm_bias_pct": [
    0.24421225240158403,
    -0.46563067852808554,
    -6.610604756167582
  ],
  "gmm_rmse_pct": [
    0.38695075611285457,
    3.465215747264534,
    86.79977689334922
  ],
  "smm_rmse_pct": [
    0.24421225240158403,
    0.46563067852808554,
    6.610604756167582
  ],
  "gmm_j_rejection": 1.0,
  "smm_j_rejection": 1.0
}