{
  "moment_names": [
    "AR1: E[u]",
    "AR1: E[u\u00b7lnZ]",
    "AR1: E[u\u00b2\u2212\u03c3\u00b2]",
    "Euler\u00d71",
    "Euler\u00d7i_t",
    "Euler\u00d7i_{t-1}",
    "Euler\u00d7(Y/K)_t",
    "Euler\u00d7(Y/K)_{t-1}",
    "Euler\u00d7lnK_t"
  ],
  "g_bar": [
    -0.00025220633773394155,
    -0.004564863858594166,
    0.009467948102654103,
    0.03448147338608382,
    -0.007918143544391947,
    0.0035794955219264862,
    0.00741955955150266,
    0.01024738008100341,
    0.12591843522112245
  ],
  "g_bar_abs": [
    0.00025220633773394155,
    0.004564863858594166,
    0.009467948102654103,
    0.03448147338608382,
    0.007918143544391947,
    0.0035794955219264862,
    0.00741955955150266,
    0.01024738008100341,
    0.12591843522112245
  ]
}