{
  "moment_names": [
    "AR1: E[u]",
    "AR1: E[u\u00b7lnZ]",
    "AR1: E[u\u00b2\u2212\u03c3\u00b2]",
    "Euler\u00d71",
    "Euler\u00d7i_t",
    "Euler\u00d7i_{t-1}",
    "Euler\u00d7(Y/K)_t",
    "Euler\u00d7(Y/K)_{t-1}",
    "Euler\u00d7lnK_t"
  ],
  "g_bar": [
    -7.806065709218399e-05,
    -0.0001812503341064958,
    0.0020805317327896554,
    0.009982977505087531,
    0.0017981476873708342,
    0.0024394933641491176,
    0.0027107966523836637,
    0.003623464623591128,
    0.03817768113076941
  ],
  "g_bar_abs": [
    7.806065709218399e-05,
    0.0001812503341064958,
    0.0020805317327896554,
    0.009982977505087531,
    0.0017981476873708342,
    0.0024394933641491176,
    0.0027107966523836637,
    0.003623464623591128,
    0.03817768113076941
  ]
}