{
  "R": 1,
  "treatment": "known_psi1",
  "param_labels": [
    "\u03c1",
    "\u03c3",
    "\u03c8\u2080"
  ],
  "param_keys": [
    "productivity_persistence",
    "productivity_std_dev",
    "adjustment_cost_convex"
  ],
  "true_values": [
    0.6,
    0.175,
    1.005
  ],
  "median_theta": [
    0.6023217045366771,
    0.16893587244228706,
    1.8773377577781594
  ],
  "mean_se": [
    0.00014914378931692927,
    2.3194123901051245e-05,
    0.0010742565497224147
  ],
  "sd_theta": [
    0.0,
    0.0,
    0.0
  ],
  "bias": [
    0.002321704536677127,
    -0.006064127557712934,
    0.8723377577781595
  ],
  "bias_pct": [
    0.38695075611285457,
    -3.465215747264534,
    86.79977689334922
  ],
  "rmse": [
    0.002321704536677127,
    0.006064127557712934,
    0.8723377577781595
  ],
  "rmse_pct": [
    0.38695075611285457,
    3.465215747264534,
    86.79977689334922
  ],
  "coverage_95": [
    0.0,
    0.0,
    0.0
  ],
  "j_rejection_rate": 1.0,
  "mean_Q": 6.419823179072809,
  "mean_wall_time": 484.9974178900011
}