{
  "known_psi1": {
    "R": 1,
    "treatment": "known_psi1",
    "param_labels": [
      "\u03c1",
      "\u03c3",
      "\u03c8\u2080"
    ],
    "param_keys": [
      "productivity_persistence",
      "productivity_std_dev",
      "adjustment_cost_convex"
    ],
    "true_values": [
      0.6,
      0.175,
      1.005
    ],
    "median_theta": [
      0.6023217045366771,
      0.16893587244228706,
      1.8773377577781594
    ],
    "mean_se": [
      0.00014914378931692927,
      2.3194123901051245e-05,
      0.0010742565497224147
    ],
    "sd_theta": [
      0.0,
      0.0,
      0.0
    ],
    "bias": [
      0.002321704536677127,
      -0.006064127557712934,
      0.8723377577781595
    ],
    "bias_pct": [
      0.38695075611285457,
      -3.465215747264534,
      86.79977689334922
    ],
    "rmse": [
      0.002321704536677127,
      0.006064127557712934,
      0.8723377577781595
    ],
    "rmse_pct": [
      0.38695075611285457,
      3.465215747264534,
      86.79977689334922
    ],
    "coverage_95": [
      0.0,
      0.0,
      0.0
    ],
    "j_rejection_rate": 1.0,
    "mean_Q": 6.419823179072809,
    "mean_wall_time": 484.9974178900011
  },
  "psi1_zero_misspec": {
    "R": 1,
    "treatment": "psi1_zero_misspec",
    "param_labels": [
      "\u03c1",
      "\u03c3",
      "\u03c8\u2080"
    ],
    "param_keys": [
      "productivity_persistence",
      "productivity_std_dev",
      "adjustment_cost_convex"
    ],
    "true_values": [
      0.6,
      0.175,
      1.005
    ],
    "median_theta": [
      0.6961373959152409,
      0.14694615890021065,
      0.9938602538491557
    ],
    "mean_se": [
      6.761317756555127e-05,
      1.003607327429638e-05,
      9.119752543813826e-05
    ],
    "sd_theta": [
      0.0,
      0.0,
      0.0
    ],
    "bias": [
      0.09613739591524095,
      -0.02805384109978934,
      -0.011139746150844232
    ],
    "bias_pct": [
      16.022899319206825,
      -16.03076634273677,
      -1.1084324528203218
    ],
    "rmse": [
      0.09613739591524095,
      0.02805384109978934,
      0.011139746150844232
    ],
    "rmse_pct": [
      16.022899319206825,
      16.03076634273677,
      1.1084324528203218
    ],
    "coverage_95": [
      0.0,
      0.0,
      0.0
    ],
    "j_rejection_rate": 1.0,
    "mean_Q": 258.8502345778045,
    "mean_wall_time": 468.1860939520411
  }
}