{
  "kappa_at_true": 190.18180505696265,
  "kappa_at_estimate": 309.3917074197351
}