{
  "moment_names": [
    "AC[I/K]",
    "Skew[I/K]",
    "SD[Y/K]",
    "Corr(I/K,lagY/K)",
    "P(equity iss.)",
    "E[|e|/K|e<0]",
    "E[D/K|D>0]",
    "Corr(\u0394B/K,Y/K)",
    "Median[B/K]"
  ],
  "vfi_moments_at_true": [
    0.08731662016592087,
    -0.7936489255840051,
    0.08749887508510039,
    0.08825932064833243,
    0.11806601210804098,
    0.10753116553122219,
    0.11736185764060167,
    -0.26631483476955103,
    5.271432686104708
  ],
  "dl_moments_at_true": [
    0.0968363806605339,
    -0.6715928912162781,
    0.09656761586666107,
    0.018008677965270146,
    0.3272726775956284,
    0.07754930853843689,
    0.15503443777561188,
    -0.06421356612088258,
    3.4899096488952637
  ],
  "dl_bias": [
    0.009519760494613033,
    0.12205603436772705,
    0.009068740781560683,
    -0.07025064268306229,
    0.20920666548758743,
    -0.0299818569927853,
    0.03767258013501021,
    0.20210126864866845,
    -1.7815230372094444
  ],
  "dl_bias_pct": [
    10.902575565251363,
    15.379096529099732,
    10.364408425526078,
    79.59572107174338,
    177.19465725338853,
    27.88201619936866,
    32.09950906739676,
    75.88810019672835,
    33.79580359444729
  ]
}