{
  "R": 1,
  "param_labels": [
    "\u03c1",
    "\u03c3",
    "\u03be",
    "F",
    "\u03b7\u2080",
    "\u03b7\u2081"
  ],
  "param_keys": [
    "productivity_persistence",
    "productivity_std_dev",
    "adjustment_cost_convex",
    "adjustment_cost_fixed",
    "equity_issuance_cost_fixed",
    "equity_issuance_cost_linear"
  ],
  "true_values": [
    0.6,
    0.17,
    1.0,
    0.02,
    0.08,
    0.1
  ],
  "median_theta": [
    0.6859,
    0.1478,
    1.764,
    0.01,
    0.0808,
    0.0209
  ],
  "mean_se": [
    1.0745864883585524e-06,
    2.557607374759074e-07,
    1.5589900453544628e-06,
    5.6787500645315616e-08,
    4.646412714673785e-06,
    1.0874972814994864e-06
  ],
  "sd_theta": [
    0.0,
    0.0,
    0.0,
    0.0,
    0.0,
    0.0
  ],
  "bias": [
    0.08589999999999998,
    -0.022200000000000025,
    0.764,
    -0.01,
    0.0007999999999999952,
    -0.0791
  ],
  "bias_pct": [
    14.316666666666665,
    -13.058823529411779,
    76.4,
    -50.0,
    0.9999999999999939,
    -79.1
  ],
  "rmse": [
    0.08589999999999998,
    0.022200000000000025,
    0.764,
    0.01,
    0.0007999999999999952,
    0.0791
  ],
  "rmse_pct": [
    14.316666666666665,
    13.058823529411779,
    76.4,
    50.0,
    0.9999999999999939,
    79.1
  ],
  "coverage_95": [
    0.0,
    0.0,
    0.0,
    0.0,
    0.0,
    0.0
  ],
  "j_rejection_rate": 1.0,
  "mean_Q": 402301.3,
  "mean_evals": 2660.0,
  "mean_wall_time": 10685.0
}