{
  "kappa_at_true": 24.219729277403804,
  "kappa_at_estimate": 19.675213177771337
}