{
  "moment_names": [
    "AC[I/K]",
    "Skew[I/K]",
    "P(I/K < 0)",
    "E[Y/K]",
    "SD[Y/K]",
    "Corr(I/K, lag Y/K)"
  ],
  "vfi_moments_at_true": [
    0.09066356576823181,
    -0.3644128010210665,
    0.0,
    0.3388520094301925,
    0.06680999304379488,
    0.0693627783145608
  ],
  "dl_moments_at_true": [
    0.06786539405584335,
    -0.28791603446006775,
    0.0,
    0.3331374526023865,
    0.06553855538368225,
    0.05028831613411358
  ],
  "dl_bias": [
    -0.02279817171238846,
    0.07649676656099874,
    0.0,
    -0.005714556827806028,
    -0.0012714376601126315,
    -0.019074462180447213
  ],
  "dl_bias_pct": [
    25.145902347000845,
    20.991789077293284,
    0.0,
    1.6864461973873268,
    1.9030650987782416,
    27.49956481550431
  ]
}