{
  "R": 1,
  "param_labels": [
    "\u03c1",
    "\u03c3",
    "\u03be",
    "F"
  ],
  "param_keys": [
    "productivity_persistence",
    "productivity_std_dev",
    "adjustment_cost_convex",
    "adjustment_cost_fixed"
  ],
  "true_values": [
    0.6,
    0.175,
    1.005,
    0.03
  ],
  "median_theta": [
    0.6075741390528954,
    0.17441880243447178,
    1.0997973990799836,
    0.0291976113466791
  ],
  "mean_se": [
    9.413369238759286e-07,
    2.67686892659496e-07,
    2.1138392250720866e-06,
    3.602739841139178e-08
  ],
  "sd_theta": [
    0.0,
    0.0,
    0.0,
    0.0
  ],
  "bias": [
    0.00757413905289539,
    -0.0005811975655282131,
    0.09479739907998375,
    -0.0008023886533208985
  ],
  "bias_pct": [
    1.2623565088158983,
    -0.3321128945875504,
    9.432577022883956,
    -2.674628844402995
  ],
  "rmse": [
    0.00757413905289539,
    0.0005811975655282131,
    0.09479739907998375,
    0.0008023886533208985
  ],
  "rmse_pct": [
    1.2623565088158983,
    0.3321128945875504,
    9.432577022883956,
    2.674628844402995
  ],
  "coverage_95": [
    0.0,
    0.0,
    0.0,
    0.0
  ],
  "j_rejection_rate": 1.0,
  "mean_Q": 115.09222306345282,
  "mean_evals": 2419.0,
  "mean_wall_time": 1758.7213465839995
}