{
  "n_chains": 4,
  "n_samples_per_chain": 4000,
  "n_total_samples": 16000,
  "param_labels": [
    "\u03c1",
    "\u03c3",
    "\u03be",
    "F"
  ],
  "param_keys": [
    "productivity_persistence",
    "productivity_std_dev",
    "adjustment_cost_convex",
    "adjustment_cost_fixed"
  ],
  "true_values": [
    0.6,
    0.175,
    1.005,
    0.03
  ],
  "posterior_mean": [
    0.6587125860015486,
    0.17412310464027672,
    1.055125904072865,
    0.030995537853711248
  ],
  "posterior_median": [
    0.6671635360782722,
    0.1751742886987502,
    1.0337737905953792,
    0.0311186702380013
  ],
  "posterior_std": [
    0.09273063028143295,
    0.054873167774889306,
    0.4675754702635823,
    0.010310467857646301
  ],
  "ci_95_lo": [
    0.4530479971675273,
    0.06719908124393839,
    0.187357983834521,
    0.011342658989406246
  ],
  "ci_95_hi": [
    0.7943226277451718,
    0.2819035633531878,
    1.9008412210549415,
    0.04879414679905417
  ],
  "bias": [
    0.058712586001548606,
    -0.0008768953597232676,
    0.05012590407286521,
    0.0009955378537112487
  ],
  "bias_pct": [
    9.7854310002581,
    -0.50108306269901,
    4.987652146553753,
    3.318459512370829
  ],
  "rmse": [
    0.10975244922902373,
    0.05487845930407667,
    0.4702401115122552,
    0.010358098230491627
  ],
  "rmse_pct": [
    18.292074871503957,
    31.35911960232953,
    46.79006084699058,
    34.52699410163876
  ],
  "coverage_95": [
    true,
    true,
    true,
    true
  ],
  "rhat": [
    1.0027194619009832,
    1.0007159030656918,
    1.000510353953498,
    1.000838105004763
  ],
  "ess": [
    742.4653364899518,
    950.0920290113568,
    800.003964891747,
    815.6161727328378
  ],
  "acceptance_rates": [
    0.226,
    0.2175,
    0.221,
    0.2165
  ],
  "mean_acceptance_rate": 0.22025,
  "mcmc_wall_time": 5987.504559284076,
  "n_prior_samples": 20000
}