{
  "mu_prior": [
    -0.0762553996403763,
    -0.3389140366376986,
    0.00013245951999999952,
    0.334089515709877,
    0.06762925508078188,
    -0.04003022079275147
  ],
  "Sigma_prior": [
    [
      0.07894228837212082,
      -0.05591384247728491,
      2.2379227908633884e-05,
      -0.002792166863066881,
      0.004311188244770505,
      0.0489602220424193
    ],
    [
      -0.055913842477284904,
      0.8017294807900687,
      0.00024336367238744872,
      -0.01058404633098093,
      0.0046742391938389815,
      -0.04279056733452561
    ],
    [
      2.2379227908633884e-05,
      0.0002433636723874487,
      2.3892157080227743e-06,
      -6.247534182801031e-06,
      2.7260054285586166e-06,
      2.0754398081664493e-05
    ],
    [
      -0.0027921668630668814,
      -0.01058404633098093,
      -6.247534182801031e-06,
      0.0010155795279284394,
      -7.81500165081112e-05,
      -0.0014434731509664301
    ],
    [
      0.004311188244770505,
      0.0046742391938389815,
      2.7260054285586166e-06,
      -7.81500165081112e-05,
      0.0008028545407608727,
      0.002068651430105336
    ],
    [
      0.048960222042419295,
      -0.04279056733452561,
      2.0754398081664497e-05,
      -0.0014434731509664304,
      0.0020686514301053354,
      0.03497503701335117
    ]
  ],
  "Sigma_prior_cond": 356326.7164079317,
  "moment_scales": [
    0.2809667033157502,
    0.8953934781927264,
    0.001545708804407472,
    0.031868158527414786,
    0.028334687941829764,
    0.18701614105031467
  ],
  "Sigma_norm_cond": 55.06627408871785,
  "golden_moments": [
    0.08934571825434537,
    -0.3630981328712065,
    0.0,
    0.33878809353658973,
    0.06682349930727682,
    0.06883551593368381
  ],
  "moment_names": [
    "AC[I/K]",
    "Skew[I/K]",
    "P(I/K < 0)",
    "E[Y/K]",
    "SD[Y/K]",
    "Corr(I/K, lag Y/K)"
  ],
  "n_prior_samples": 20000
}