{
  "default_threshold": 0.3121751844882965,
  "default_region_percentage": 9.515432098765432,
  "bellman_evaluation_batch_size": 200,
  "final_epoch": 600,
  "final_metrics": {
    "mae": 0.1574384868144989,
    "mape_non_default": 1.7150382995605469,
    "f1_score": 0.9871535560050292,
    "bellman_residual": 0.5023372173309326
  },
  "best_metrics": {
    "mae": {
      "value": 0.12640272080898285,
      "epoch": 550
    },
    "mape_non_default": {
      "value": 1.5283162593841553,
      "epoch": 530
    },
    "f1_score": {
      "value": 0.9921285489387112,
      "epoch": 430
    },
    "bellman_residual": {
      "value": 0.46134817600250244,
      "epoch": 550
    }
  },
  "epochs": [
    0,
    10,
    20,
    30,
    40,
    50,
    60,
    70,
    80,
    90,
    100,
    110,
    120,
    130,
    140,
    150,
    160,
    170,
    180,
    190,
    200,
    210,
    220,
    230,
    240,
    250,
    260,
    270,
    280,
    290,
    300,
    310,
    320,
    330,
    340,
    350,
    360,
    370,
    380,
    390,
    400,
    410,
    420,
    430,
    440,
    450,
    460,
    470,
    480,
    490,
    500,
    510,
    520,
    530,
    540,
    550,
    560,
    570,
    580,
    590,
    600
  ],
  "maes": [
    11.61280345916748,
    11.106005668640137,
    10.491629600524902,
    9.754587173461914,
    9.056775093078613,
    8.397390365600586,
    7.709455966949463,
    7.096892833709717,
    6.406447887420654,
    5.8320417404174805,
    5.177414894104004,
    4.6905317306518555,
    4.075867176055908,
    3.570502519607544,
    3.1088664531707764,
    2.647331476211548,
    2.4877049922943115,
    2.383727788925171,
    2.116382360458374,
    2.035796880722046,
    1.921952486038208,
    1.7961236238479614,
    1.5854105949401855,
    1.379842758178711,
    1.3998550176620483,
    1.2476277351379395,
    1.1671003103256226,
    1.0348342657089233,
    0.8684770464897156,
    0.8947360515594482,
    0.7644203305244446,
    0.7017779350280762,
    0.7170471549034119,
    0.5564563274383545,
    0.5077452063560486,
    0.4896530210971832,
    0.3657134473323822,
    0.45281490683555603,
    0.31634998321533203,
    0.361922949552536,
    0.34568747878074646,
    0.31026434898376465,
    0.2797662019729614,
    0.22732876241207123,
    0.26483482122421265,
    0.30336183309555054,
    0.26552730798721313,
    0.17847073078155518,
    0.17379312217235565,
    0.1860012412071228,
    0.1536877155303955,
    0.1626587063074112,
    0.17434488236904144,
    0.13267093896865845,
    0.16706672310829163,
    0.12640272080898285,
    0.16257454454898834,
    0.13051371276378632,
    0.14671508967876434,
    0.14515259861946106,
    0.1574384868144989
  ],
  "mapes_non_default": [
    96.36701202392578,
    94.33088684082031,
    91.13334655761719,
    86.98103332519531,
    82.94124603271484,
    79.03894805908203,
    74.71497344970703,
    70.75492858886719,
    66.06938934326172,
    62.011451721191406,
    57.10524368286133,
    53.274898529052734,
    48.07011795043945,
    43.78704071044922,
    39.471317291259766,
    35.10628128051758,
    33.18294906616211,
    32.23756790161133,
    29.28786849975586,
    28.291019439697266,
    26.835763931274414,
    25.429790496826172,
    23.050249099731445,
    20.463245391845703,
    21.13877296447754,
    18.680585861206055,
    17.642719268798828,
    15.126008033752441,
    13.582372665405273,
    13.58826732635498,
    11.9871187210083,
    10.696905136108398,
    10.629371643066406,
    8.49206256866455,
    7.293812274932861,
    6.5134124755859375,
    4.856962203979492,
    6.5574421882629395,
    3.468859910964966,
    5.035221576690674,
    4.076382160186768,
    4.236952781677246,
    3.3270933628082275,
    2.470640182495117,
    3.1207265853881836,
    3.9860680103302,
    3.2664153575897217,
    1.8945224285125732,
    1.814649224281311,
    1.9408162832260132,
    1.7566726207733154,
    1.7183784246444702,
    1.833494782447815,
    1.5283162593841553,
    2.0318448543548584,
    1.5333631038665771,
    1.7719838619232178,
    1.5406461954116821,
    1.6846239566802979,
    1.7052435874938965,
    1.7150382995605469
  ],
  "f1_scores": [
    0.2579340732890847,
    0.2417438806048171,
    0.2672040214941931,
    0.2998346678769411,
    0.32314303682482004,
    0.34582811419170295,
    0.37541858624398755,
    0.3989905526077391,
    0.42999604825774657,
    0.45653783503628015,
    0.48955934894799524,
    0.5163865780805091,
    0.5553287301110779,
    0.5887332908975176,
    0.6251436296045962,
    0.662820696574459,
    0.6816523565611526,
    0.6898120525059666,
    0.7181458187747495,
    0.7296465762070055,
    0.7440270292011906,
    0.7585188830114404,
    0.7820903094875697,
    0.8091155629428747,
    0.795921001678069,
    0.8300650661880189,
    0.841544970656476,
    0.8775142314990513,
    0.8817809133377824,
    0.8873219168225644,
    0.9014619883040935,
    0.9181515858440463,
    0.9214904852047424,
    0.9375095028128325,
    0.9524741259461408,
    0.9649452269170579,
    0.9733347386172005,
    0.9579492490937338,
    0.9909560723514212,
    0.9730668069437138,
    0.9864272736988351,
    0.9780504575025123,
    0.9891432871116845,
    0.9921285489387112,
    0.9903892617449664,
    0.9810398852833395,
    0.9865002958102511,
    0.9854897880961508,
    0.9869263169410863,
    0.9842070629524018,
    0.9752368289845438,
    0.9863882359372437,
    0.9876166057498227,
    0.9806210085884166,
    0.9911255411255411,
    0.982510174898251,
    0.988591080299143,
    0.9780207643030705,
    0.9771810597270566,
    0.9784371036232284,
    0.9871535560050292
  ],
  "bellman_residuals": [
    7.804253101348877,
    7.457789897918701,
    6.907739162445068,
    6.261803150177002,
    5.7555389404296875,
    5.167905330657959,
    4.384152412414551,
    3.912091016769409,
    3.411571741104126,
    2.9619662761688232,
    2.597609281539917,
    2.2360308170318604,
    1.8480137586593628,
    1.4792687892913818,
    1.2127312421798706,
    1.1415022611618042,
    1.1227467060089111,
    1.035007357597351,
    1.0334738492965698,
    0.9528124332427979,
    0.9580526947975159,
    0.7720841765403748,
    0.7623157501220703,
    0.6834883093833923,
    0.902508020401001,
    0.7314810156822205,
    0.6372793316841125,
    0.6164515018463135,
    0.6699830889701843,
    0.607103168964386,
    0.5692967772483826,
    0.5546806454658508,
    0.5566149353981018,
    0.5495080947875977,
    0.5244645476341248,
    0.5370331406593323,
    0.5230639576911926,
    0.529284656047821,
    0.5077075362205505,
    0.5032411813735962,
    0.5220094323158264,
    0.49476858973503113,
    0.4927712678909302,
    0.540042519569397,
    0.49559861421585083,
    0.5032963752746582,
    0.4835684299468994,
    0.4755074381828308,
    0.47417759895324707,
    0.47894278168678284,
    0.49879851937294006,
    0.512666642665863,
    0.503044068813324,
    0.4702393412590027,
    0.47022545337677,
    0.46134817600250244,
    0.49593585729599,
    0.5529577136039734,
    0.4661194682121277,
    0.4665485620498657,
    0.5023372173309326
  ]
}