{
  "model_type": "risky",
  "default_threshold": 1.1641082763671875,
  "default_region_percentage": 5.0,
  "bellman_evaluation_batch_size": 200,
  "final_epoch": 990,
  "final_metrics": {
    "mae": 1.0842325687408447,
    "mape_non_default": 6.207005500793457,
    "f1_score": 0.9254498714652957,
    "bellman_residual": 0.5610390305519104
  },
  "best_metrics": {
    "mae": {
      "value": 0.8613433837890625,
      "epoch": 830
    },
    "mape_non_default": {
      "value": 4.707276344299316,
      "epoch": 500
    },
    "f1_score": {
      "value": 0.9544383346425765,
      "epoch": 500
    },
    "bellman_residual": {
      "value": 0.5439474582672119,
      "epoch": 840
    }
  },
  "epochs": [
    0,
    10,
    20,
    30,
    40,
    50,
    60,
    70,
    80,
    90,
    100,
    110,
    120,
    130,
    140,
    150,
    160,
    170,
    180,
    190,
    200,
    210,
    220,
    230,
    240,
    250,
    260,
    270,
    280,
    290,
    300,
    310,
    320,
    330,
    340,
    350,
    360,
    370,
    380,
    390,
    400,
    410,
    420,
    430,
    440,
    450,
    460,
    470,
    480,
    490,
    500,
    510,
    520,
    530,
    540,
    550,
    560,
    570,
    580,
    590,
    600,
    610,
    620,
    630,
    640,
    650,
    660,
    670,
    680,
    690,
    700,
    710,
    720,
    730,
    740,
    750,
    760,
    770,
    780,
    790,
    800,
    810,
    820,
    830,
    840,
    850,
    860,
    870,
    880,
    890,
    900,
    910,
    920,
    930,
    940,
    950,
    960,
    970,
    980,
    990
  ],
  "maes": [
    26.270519256591797,
    26.270519256591797,
    24.233613967895508,
    23.213228225708008,
    22.267253875732422,
    20.900238037109375,
    19.81349754333496,
    18.72056007385254,
    17.456525802612305,
    16.17328643798828,
    14.631514549255371,
    13.65135383605957,
    12.239294052124023,
    11.269943237304688,
    10.250249862670898,
    9.407064437866211,
    8.888681411743164,
    8.354756355285645,
    7.911180019378662,
    7.43967342376709,
    6.759458065032959,
    6.008485317230225,
    5.589057445526123,
    4.880436420440674,
    4.709515571594238,
    4.2349371910095215,
    4.129627704620361,
    3.665921449661255,
    3.460235595703125,
    3.3082966804504395,
    2.8741466999053955,
    2.676165819168091,
    2.5430190563201904,
    2.347292900085449,
    2.1415727138519287,
    2.1425132751464844,
    1.8962403535842896,
    1.8707011938095093,
    1.6849772930145264,
    1.7826106548309326,
    1.617733359336853,
    1.5215978622436523,
    1.4506343603134155,
    1.3027833700180054,
    1.4627549648284912,
    1.3484841585159302,
    1.2066258192062378,
    0.9968509674072266,
    1.1071898937225342,
    1.0740673542022705,
    0.8926522135734558,
    0.9891838431358337,
    1.1174614429473877,
    0.8974454998970032,
    0.999354898929596,
    0.9093026518821716,
    0.9435426592826843,
    0.9160631895065308,
    0.9473713040351868,
    0.9832502007484436,
    1.0245965719223022,
    1.0076979398727417,
    1.0450676679611206,
    1.0272681713104248,
    1.1158580780029297,
    1.101942777633667,
    1.063523769378662,
    1.0874195098876953,
    1.0216007232666016,
    0.9760908484458923,
    0.9881080389022827,
    1.0001389980316162,
    1.039491057395935,
    0.9976155757904053,
    1.0265779495239258,
    1.0586603879928589,
    1.0711487531661987,
    1.0831149816513062,
    1.0052244663238525,
    0.9757009744644165,
    0.9730502367019653,
    0.8846619129180908,
    0.8726723194122314,
    0.8613433837890625,
    0.9029759764671326,
    0.9971566200256348,
    1.0002217292785645,
    1.0001410245895386,
    1.0012446641921997,
    1.031425952911377,
    1.0678638219833374,
    1.097891092300415,
    1.1042487621307373,
    1.1801432371139526,
    1.1920092105865479,
    1.2255070209503174,
    1.184900164604187,
    1.1772587299346924,
    1.1314783096313477,
    1.0842325687408447
  ],
  "mapes_non_default": [
    97.28807830810547,
    97.28807830810547,
    94.56230163574219,
    92.14240264892578,
    89.82616424560547,
    86.19930267333984,
    83.22462463378906,
    80.11917114257812,
    76.48983001708984,
    72.53907012939453,
    67.65282440185547,
    64.30755615234375,
    59.36917495727539,
    55.9622688293457,
    52.12106704711914,
    48.966548919677734,
    46.69647979736328,
    44.421913146972656,
    42.427574157714844,
    40.544490814208984,
    37.09787368774414,
    33.54860305786133,
    31.745397567749023,
    28.083709716796875,
    27.35057830810547,
    25.02793312072754,
    24.412799835205078,
    22.131465911865234,
    20.783611297607422,
    20.04033088684082,
    17.383113861083984,
    16.232820510864258,
    15.641138076782227,
    14.824934005737305,
    12.928552627563477,
    12.835630416870117,
    11.52416706085205,
    11.405561447143555,
    9.84482479095459,
    11.229364395141602,
    9.912628173828125,
    9.506963729858398,
    8.696393966674805,
    7.808870792388916,
    8.910146713256836,
    7.665309906005859,
    6.792648792266846,
    5.8299360275268555,
    6.804657936096191,
    5.888916015625,
    4.707276344299316,
    5.56427526473999,
    6.659549713134766,
    4.926321983337402,
    5.88682222366333,
    4.890240669250488,
    5.253579616546631,
    5.265337944030762,
    5.2750396728515625,
    5.5235137939453125,
    5.953607559204102,
    5.850105285644531,
    6.047537326812744,
    5.833055019378662,
    6.506906509399414,
    6.346411228179932,
    5.922698020935059,
    6.127159595489502,
    5.921879768371582,
    5.328746318817139,
    5.724880695343018,
    5.735368251800537,
    5.98096227645874,
    5.6275858879089355,
    6.116377353668213,
    6.121788024902344,
    6.070864677429199,
    6.1711859703063965,
    5.5394721031188965,
    5.335667133331299,
    5.293663501739502,
    4.7437520027160645,
    4.946600437164307,
    4.851834297180176,
    5.25789213180542,
    5.840311050415039,
    5.836463451385498,
    5.623964786529541,
    5.715202331542969,
    5.9961700439453125,
    6.302568435668945,
    6.449251651763916,
    6.500037670135498,
    7.076001167297363,
    7.029068470001221,
    7.199601173400879,
    6.910342693328857,
    6.741184234619141,
    6.440752983093262,
    6.207005500793457
  ],