{
  "default_threshold": 0.32484275102615356,
  "default_region_percentage": 9.792181069958847,
  "final_epoch": 600,
  "final_metrics": {
    "mae": 0.08077557384967804,
    "mape_non_default": 2.2217626571655273,
    "f1_score": 0.9569886581557175
  },
  "best_metrics": {
    "mae": {
      "value": 0.06021907180547714,
      "epoch": 570
    },
    "mape_non_default": {
      "value": 1.4743168354034424,
      "epoch": 550
    },
    "f1_score": {
      "value": 0.9707488510408218,
      "epoch": 550
    }
  },
  "epochs": [
    0,
    10,
    20,
    30,
    40,
    50,
    60,
    70,
    80,
    90,
    100,
    110,
    120,
    130,
    140,
    150,
    160,
    170,
    180,
    190,
    200,
    210,
    220,
    230,
    240,
    250,
    260,
    270,
    280,
    290,
    300,
    310,
    320,
    330,
    340,
    350,
    360,
    370,
    380,
    390,
    400,
    410,
    420,
    430,
    440,
    450,
    460,
    470,
    480,
    490,
    500,
    510,
    520,
    530,
    540,
    550,
    560,
    570,
    580,
    590,
    600
  ],
  "maes": [
    11.088406562805176,
    10.688533782958984,
    9.763070106506348,
    8.671947479248047,
    7.529172897338867,
    6.288534641265869,
    5.434640407562256,
    4.202933311462402,
    3.0327088832855225,
    1.728716254234314,
    4.372183799743652,
    3.7166364192962646,
    2.9326653480529785,
    1.9909101724624634,
    1.0753535032272339,
    0.5124346613883972,
    0.484231561422348,
    0.5582221150398254,
    0.5194368362426758,
    0.4707324504852295,
    0.5505609512329102,
    0.7869409322738647,
    0.6030677556991577,
    0.6468687057495117,
    0.6424641013145447,
    0.6047556400299072,
    0.44850775599479675,
    0.33186042308807373,
    0.4252092242240906,
    0.26576152443885803,
    0.36186864972114563,
    0.3120228052139282,
    0.21082040667533875,
    0.15346381068229675,
    0.3146347403526306,
    0.2380860149860382,
    0.2396336942911148,
    0.2155366688966751,
    0.12393196672201157,
    0.1621943861246109,
    0.14801707863807678,
    0.08044871687889099,
    0.11575595289468765,
    0.08264023810625076,
    0.10049252957105637,
    0.10949141532182693,
    0.12492798268795013,
    0.08665772527456284,
    0.06090853363275528,
    0.09574245661497116,
    0.09734109044075012,
    0.0799054503440857,
    0.10136070847511292,
    0.06291718780994415,
    0.07849009335041046,
    0.07821451127529144,
    0.0734824612736702,
    0.06021907180547714,
    0.0903807207942009,
    0.07850222289562225,
    0.08077557384967804
  ],
  "mapes_non_default": [
    93.73066711425781,
    92.0928955078125,
    86.71519470214844,
    79.81591033935547,
    72.02835845947266,
    62.06105422973633,
    54.95283126831055,
    41.67874526977539,
    28.46805763244629,
    20.668527603149414,
    49.316707611083984,
    43.34628677368164,
    35.3253288269043,
    25.308242797851562,
    15.068450927734375,
    8.723010063171387,
    8.933825492858887,
    11.225525856018066,
    9.421956062316895,
    9.535944938659668,
    10.746578216552734,
    15.285698890686035,
    11.499351501464844,
    12.812334060668945,
    12.395551681518555,
    11.322708129882812,
    8.883910179138184,
    6.638189315795898,
    8.934048652648926,
    5.598041534423828,
    7.66735315322876,
    6.252933502197266,
    4.907641887664795,
    3.7010021209716797,
    6.168155670166016,
    5.164621353149414,
    5.326289653778076,
    4.969405174255371,
    3.32029390335083,
    3.994718074798584,
    3.5488338470458984,
    2.0372612476348877,
    3.201382875442505,
    2.200270891189575,
    2.7834818363189697,
    2.827613592147827,
    3.197213649749756,
    2.269563913345337,
    1.8263168334960938,
    2.837803602218628,
    2.731647253036499,
    2.231232166290283,
    2.8164498805999756,
    1.6213572025299072,
    1.9615222215652466,
    1.4743168354034424,
    1.9651293754577637,
    1.6340872049331665,
    2.5147738456726074,
    2.129694938659668,
    2.2217626571655273
  ],
  "f1_scores": [
    0.28952091254752854,
    0.27416753082152323,
    0.33413491074406276,
    0.4048490004253509,
    0.4840317331163547,
    0.610774216318542,
    0.6855866887560326,
    0.8557461722929348,
    0.8330310724217144,
    0.3158453507918252,
    0.594949368671084,
    0.6443489151406424,
    0.7149721896401681,
    0.7800880519593739,
    0.8361937645983548,
    0.8369245543484785,
    0.8284853330053502,
    0.8059214653117551,
    0.8602562567357203,
    0.8573143646077196,
    0.8425148972394504,
    0.7843412733891053,
    0.8458133753713697,
    0.8186669976418022,
    0.8354337452587789,
    0.8540124014207453,
    0.8793783481485843,
    0.9071075898495808,
    0.875140341547007,
    0.9214119780157516,
    0.89228978760547,
    0.9145854715474969,
    0.9242766726943942,
    0.9389666127863553,
    0.9185934215758679,
    0.9277909203559762,
    0.9252484191508582,
    0.926702751465945,
    0.9427381282976951,
    0.9375453479935256,
    0.9430316490838423,
    0.9601223642521577,
    0.9435595760031078,
    0.9584154081855986,
    0.9491581562241237,
    0.9513579022751061,
    0.9471238938053097,
    0.9572172007669132,
    0.9614272464400677,
    0.9464829265593004,
    0.9482872928176797,
    0.9571600745042184,
    0.9495060978974671,
    0.96818255732018,
    0.9606333606333606,
    0.9707488510408218,
    0.9608603089688302,
    0.9656034342226811,
    0.9502591816477335,
    0.9587572475659117,
    0.9569886581557175
  ]
}