{
  "default_threshold": 0.31221243739128113,
  "default_region_percentage": 10.813786008230453,
  "final_epoch": 640,
  "final_metrics": {
    "mae": 0.19085048578148722,
    "mape_non_default": 2.369959054929547,
    "f1_score": 0.9910337302528583
  },
  "best_metrics": {
    "mae": {
      "value": 0.13002646312989738,
      "epoch": 530
    },
    "mape_non_default": {
      "value": 1.5794020665847688,
      "epoch": 530
    },
    "f1_score": {
      "value": 0.9930223666602944,
      "epoch": 630
    }
  },
  "epochs": [
    0,
    10,
    20,
    30,
    40,
    50,
    60,
    70,
    80,
    90,
    100,
    110,
    120,
    130,
    140,
    150,
    160,
    170,
    180,
    190,
    200,
    210,
    220,
    230,
    240,
    250,
    260,
    270,
    280,
    290,
    300,
    310,
    320,
    330,
    340,
    350,
    360,
    370,
    380,
    390,
    400,
    410,
    420,
    430,
    440,
    450,
    460,
    470,
    480,
    490,
    500,
    510,
    520,
    530,
    540,
    550,
    560,
    570,
    580,
    590,
    600,
    610,
    620,
    630,
    640
  ],
  "maes": [
    11.239108205696931,
    10.931265976956709,
    10.365106860715667,
    9.695846829942923,
    9.021465690254088,
    8.31216992632771,
    7.681016522042981,
    7.096168095516491,
    6.470682850495015,
    5.858779359612423,
    5.227385279125645,
    4.602050801311833,
    3.8889044913608943,
    3.48437358016689,
    3.036446759997078,
    2.50546873528805,
    2.3407502069062,
    2.2192145112247585,
    1.9805853170679713,
    1.7680584155746517,
    1.630754314033507,
    1.4320426357103964,
    1.2749184286197812,
    1.0669709400844942,
    1.0825846064773035,
    0.9166597123534519,
    0.9042771191742724,
    0.7852163054822102,
    0.7198425471485227,
    0.7947222532850983,
    0.6112054079377809,
    0.6348254615639122,
    0.6585796948942337,
    0.5143729216150308,
    0.4780494278668463,
    0.48252716749499536,
    0.39497621861346766,
    0.45799983111564996,
    0.35065265598121365,
    0.4100482012724133,
    0.3518318723352675,
    0.3051293008808926,
    0.27998584295509815,
    0.24472016424319984,
    0.26808473224823326,
    0.29500399929545146,
    0.2762398074229745,
    0.1846138979504045,
    0.17200250627803132,
    0.1700537608302854,
    0.14614939415839545,
    0.13927775725616193,
    0.153097578882712,
    0.13002646312989738,
    0.18067085915936765,
    0.15313496245190714,
    0.20029979434899572,
    0.14668955773663736,
    0.1514213746201788,
    0.13628808321111455,
    0.14711483006940215,
    0.13765958789186494,
    0.1406421090509991,
    0.16120406834990567,
    0.19085048578148722
  ],
  "mapes_non_default": [
    96.25099601546104,
    95.16306808582301,
    92.17409336406936,
    88.44532222529674,
    84.58255058503364,
    80.19471420434667,
    76.2096949198978,
    72.3267315032721,
    68.11315157245075,
    63.67827872178316,
    58.82064975614561,
    53.7442925332998,
    47.391579258559815,
    43.95980893325921,
    39.765639220615306,
    34.720286183854085,
    32.56492939495451,
    31.19688089277074,
    28.420365122363812,
    25.928702260245117,
    23.91917079688773,
    21.541333586844242,
    19.704937560985883,
    16.89074623759145,
    17.462911557950772,
    14.635021981363755,
    14.817710953994473,
    11.941418431584525,
    12.012447939204867,
    12.797020865546688,
    10.277753117396744,
    10.437754333771208,
    10.621993816411141,
    8.414975950050852,
    7.67774406837389,
    7.0310159258932465,
    5.644998994897885,
    7.172935032650954,
    4.5685061415607535,
    6.686589485155555,
    4.8907254801294275,
    4.414251458786412,
    3.910474041164501,
    3.1785415283185334,
    3.6347184585925576,
    4.2549624727093125,
    4.144060130981135,
    2.407657704724626,
    2.308566973950283,
    2.1684056496570245,
    2.0357595141735354,
    1.7058072288906934,
    1.8265378052370294,
    1.5794020665847688,
    2.5957508502120383,
    2.054085969968764,
    2.7105200408242416,
    1.7459795830473592,
    1.8219648506862183,
    1.7118937878244933,
    1.9095932547503962,
    1.75194948956565,
    1.6551246121524397,
    1.7684382342233411,
    2.369959054929547
  ],
  "f1_scores": [
    0.2860914534567229,
    0.26017004740040345,
    0.28473905917728803,
    0.31398144967365166,
    0.3363412370804134,
    0.36875526241930956,
    0.39515037593984964,
    0.4214683828541641,
    0.4462416947929271,
    0.4768839889297219,
    0.5089456482266069,
    0.5466649330386165,
    0.5986956397915302,
    0.623594672362137,
    0.6550542191200299,
    0.6952639237994445,
    0.717058362042501,
    0.7286655112651647,
    0.7549920988363741,
    0.7780162842339008,
    0.8009296300529585,
    0.8234879348166718,
    0.838097516246063,
    0.86492491256943,
    0.8525082120118415,
    0.8845037236504396,
    0.8786992141782312,
    0.9166703004404133,
    0.9056132339637272,
    0.901457975986278,
    0.9221388779225337,
    0.9232728710088277,
    0.9214921316793057,
    0.9405395731734598,
    0.948475004511821,
    0.9596895685916458,
    0.9677359882005899,
    0.9534651669085631,
    0.9788226513667319,
    0.9548943901885079,
    0.9769863777953414,
    0.9775171065493645,
    0.97951722521678,
    0.9848104859698102,
    0.9818215980083611,
    0.9761627093343286,
    0.9745505486808312,
    0.984870248013023,
    0.9850217734603053,
    0.9834722690695322,
    0.974436530393209,
    0.987795502594657,
    0.9884066302577369,
    0.9864637024904861,
    0.9855017709563164,
    0.9879931389365352,
    0.9864749834484062,
    0.9886249100071994,
    0.9854471858134156,
    0.9859005822626438,
    0.9890277645262858,
    0.9915165379849395,
    0.9900392682693229,
    0.9930223666602944,
    0.9910337302528583
  ]
}