{
  "param_labels": [
    "\u03c1",
    "\u03c3",
    "\u03c8\u2080"
  ],
  "true_values": [
    0.6,
    0.175,
    1.005
  ],
  "gmm_median_theta": [
    0.6010350143150761,
    0.16927632740874737,
    1.8479562858253777
  ],
  "smm_median_theta": [
    0.6075741390528954,
    0.17441880243447178,
    1.0997973990799836
  ],
  "gmm_bias_pct": [
    0.17250238584602212,
    -3.270670052144352,
    83.87624734580875
  ],
  "smm_bias_pct": [
    1.2623565088158983,
    -0.3321128945875504,
    9.432577022883956
  ],
  "gmm_rmse_pct": [
    0.17250238584602212,
    3.270670052144352,
    83.87624734580875
  ],
  "smm_rmse_pct": [
    1.2623565088158983,
    0.3321128945875504,
    9.432577022883956
  ],
  "gmm_j_rejection": 1.0,
  "smm_j_rejection": 1.0
}