{
  "moment_names": [
    "AR1: E[u]",
    "AR1: E[u\u00b7z_t]",
    "AR1: E[u\u00b2\u2212\u03c3\u00b2]",
    "Euler\u00d71",
    "Euler\u00d7i_t",
    "Euler\u00d7i_{t-1}",
    "Euler\u00d7(Y/K)_t",
    "Euler\u00d7(Y/K)_{t-1}",
    "Euler\u00d7lnK_t"
  ],
  "g_bar": [
    7.139188176780391e-05,
    -7.515085847108961e-05,
    0.0019412993181996084,
    0.010581390906059602,
    0.001989753137849651,
    0.0026068207482924724,
    0.002996194751734477,
    0.003853067745619148,
    0.04029538868333944
  ],
  "g_bar_abs": [
    7.139188176780391e-05,
    7.515085847108961e-05,
    0.0019412993181996084,
    0.010581390906059602,
    0.001989753137849651,
    0.0026068207482924724,
    0.002996194751734477,
    0.003853067745619148,
    0.04029538868333944
  ]
}