{
  "moment_names": [
    "AR1: E[u]",
    "AR1: E[u\u00b7z_t]",
    "AR1: E[u\u00b2\u2212\u03c3\u00b2]",
    "Euler\u00d71",
    "Euler\u00d7i_t",
    "Euler\u00d7i_{t-1}",
    "Euler\u00d7(Y/K)_t",
    "Euler\u00d7(Y/K)_{t-1}",
    "Euler\u00d7lnK_t"
  ],
  "g_bar": [
    -0.00010747660085906382,
    -0.00405226884275769,
    0.009611031003525294,
    0.034927722267081705,
    -0.007238561623711398,
    0.003727239396815236,
    0.007791252918965287,
    0.010464290365196955,
    0.12759282968058236
  ],
  "g_bar_abs": [
    0.00010747660085906382,
    0.00405226884275769,
    0.009611031003525294,
    0.034927722267081705,
    0.007238561623711398,
    0.003727239396815236,
    0.007791252918965287,
    0.010464290365196955,
    0.12759282968058236
  ]
}