{
  "known_psi1": {
    "R": 1,
    "treatment": "known_psi1",
    "param_labels": [
      "\u03c1",
      "\u03c3",
      "\u03c8\u2080"
    ],
    "param_keys": [
      "productivity_persistence",
      "productivity_std_dev",
      "adjustment_cost_convex"
    ],
    "true_values": [
      0.6,
      0.175,
      1.005
    ],
    "median_theta": [
      0.6010350143150761,
      0.16927632740874737,
      1.8479562858253777
    ],
    "mean_se": [
      0.00015175555004825743,
      2.339356482630771e-05,
      0.0010713974208389396
    ],
    "sd_theta": [
      0.0,
      0.0,
      0.0
    ],
    "bias": [
      0.0010350143150761326,
      -0.005723672591252615,
      0.8429562858253778
    ],
    "bias_pct": [
      0.17250238584602212,
      -3.270670052144352,
      83.87624734580875
    ],
    "rmse": [
      0.0010350143150761326,
      0.005723672591252615,
      0.8429562858253778
    ],
    "rmse_pct": [
      0.17250238584602212,
      3.270670052144352,
      83.87624734580875
    ],
    "coverage_95": [
      0.0,
      0.0,
      0.0
    ],
    "j_rejection_rate": 1.0,
    "mean_Q": 6.51255545022797,
    "mean_wall_time": 563.1601025499986
  },
  "psi1_zero_misspec": {
    "R": 1,
    "treatment": "psi1_zero_misspec",
    "param_labels": [
      "\u03c1",
      "\u03c3",
      "\u03c8\u2080"
    ],
    "param_keys": [
      "productivity_persistence",
      "productivity_std_dev",
      "adjustment_cost_convex"
    ],
    "true_values": [
      0.6,
      0.175,
      1.005
    ],
    "median_theta": [
      0.6826801042748725,
      0.14626209166768503,
      0.9514250815953361
    ],
    "mean_se": [
      6.751345511764003e-05,
      9.864679215451824e-06,
      9.117459949968165e-05
    ],
    "sd_theta": [
      0.0,
      0.0,
      0.0
    ],
    "bias": [
      0.08268010427487249,
      -0.02873790833231496,
      -0.053574918404663774
    ],
    "bias_pct": [
      13.780017379145416,
      -16.421661904179977,
      -5.330837652205351
    ],
    "rmse": [
      0.08268010427487249,
      0.02873790833231496,
      0.053574918404663774
    ],
    "rmse_pct": [
      13.780017379145416,
      16.421661904179977,
      5.330837652205351
    ],
    "coverage_95": [
      0.0,
      0.0,
      0.0
    ],
    "j_rejection_rate": 1.0,
    "mean_Q": 254.88952745792048,
    "mean_wall_time": 573.1371193770028
  }
}