{
  "R": 1,
  "treatment": "known_psi1",
  "param_labels": [
    "\u03c1",
    "\u03c3",
    "\u03c8\u2080"
  ],
  "param_keys": [
    "productivity_persistence",
    "productivity_std_dev",
    "adjustment_cost_convex"
  ],
  "true_values": [
    0.6,
    0.175,
    1.005
  ],
  "median_theta": [
    0.6010350143150761,
    0.16927632740874737,
    1.8479562858253777
  ],
  "mean_se": [
    0.00015175555004825743,
    2.339356482630771e-05,
    0.0010713974208389396
  ],
  "sd_theta": [
    0.0,
    0.0,
    0.0
  ],
  "bias": [
    0.0010350143150761326,
    -0.005723672591252615,
    0.8429562858253778
  ],
  "bias_pct": [
    0.17250238584602212,
    -3.270670052144352,
    83.87624734580875
  ],
  "rmse": [
    0.0010350143150761326,
    0.005723672591252615,
    0.8429562858253778
  ],
  "rmse_pct": [
    0.17250238584602212,
    3.270670052144352,
    83.87624734580875
  ],
  "coverage_95": [
    0.0,
    0.0,
    0.0
  ],
  "j_rejection_rate": 1.0,
  "mean_Q": 6.51255545022797,
  "mean_wall_time": 563.1601025499986
}